proposal_rank,candidate_id,sequence,length,approx_net_charge,warning_flags,filter_flags,acquisition_score,novelty_score,uncertainty_score,predicted_composite_score,pred_hs_affinity_reward,pred_hs_selectivity_reward,pred_transport_reward,pred_residence_reward,pred_anticoagulant_penalty,pred_off_target_penalty,pred_heparin_penalty,pred_developability_penalty,std_hs_selectivity_reward,std_transport_reward,std_anticoagulant_penalty
1,pep_00561,GRSPKPPNKKKTKKVG,16,7.0,,,0.471813,0.928485,0.003026,42.285665,1.0,0.02671,1.0,0.211648,0.999666,0.696311,0.164726,0.0,0.001954,0.00366,0.000653
2,pep_00564,QRSPKPPNKKKTKKVQ,16,7.0,,,0.471655,0.926815,0.003029,42.286018,1.0,0.026581,1.0,0.211743,0.999639,0.696089,0.164676,0.0,0.001924,0.003703,0.000634
3,pep_00570,GRSPKPPNKKKTKKVQ,16,7.0,,,0.471545,0.926403,0.003036,42.274953,1.0,0.026296,1.0,0.211897,0.999692,0.697123,0.164385,0.0,0.001913,0.00371,0.000644
4,pep_00572,QRSPKPPNKKKTKKVG,16,7.0,,,0.471545,0.926403,0.003036,42.274953,1.0,0.026296,1.0,0.211897,0.999692,0.697123,0.164385,0.0,0.001913,0.00371,0.000644
5,pep_00366,QRYNVNGVGKVLKKINKAIVSKKNKQ,26,8.0,,,0.470564,0.920997,0.005163,42.035867,0.994723,0.030312,1.0,0.189985,1.0,0.682971,0.168239,0.0,0.002116,0.009273,0.000373
6,pep_00368,QRYNVNGVGKVLKKINKAIVSKKNKG,26,8.0,,,0.470527,0.920835,0.00514,42.034563,0.994686,0.030351,1.0,0.189956,1.0,0.68304,0.168254,0.0,0.002108,0.009244,0.00038
7,pep_00373,GRYNVNGVGKVLKKINKAIVSKKNKQ,26,8.0,,,0.470527,0.920835,0.00514,42.034563,0.994686,0.030351,1.0,0.189956,1.0,0.68304,0.168254,0.0,0.002108,0.009244,0.00038
8,pep_00367,GRYNVNGVGKVLKKINKAIVSKKNKG,26,8.0,,,0.47025,0.921187,0.005019,42.004747,0.993535,0.030741,1.0,0.189726,1.0,0.682185,0.168585,0.0,0.002082,0.00904,0.000391
9,pep_00128,QPNGLKRDKLGCEYCECRPKRKLIPRLS,28,5.0,,,0.466794,0.912968,0.003132,41.842477,0.986252,0.027485,0.998415,0.204928,0.99975,0.677996,0.166716,0.0,0.001536,0.004964,0.000248
10,pep_00129,PNGLKRDKLGCEYCECRPKRKLIPRLSQ,28,5.0,,,0.466794,0.912968,0.003132,41.842477,0.986252,0.027485,0.998415,0.204928,0.99975,0.677996,0.166716,0.0,0.001536,0.004964,0.000248
11,pep_00121,QPNGLKRDKLGCEYCECRPKRKLIPRLSQ,29,5.0,,,0.466716,0.917681,0.003267,41.776523,0.984586,0.028298,0.997588,0.203213,0.999696,0.6764,0.16736,0.0,0.001627,0.005094,0.000264
12,pep_00119,QPNGLKRDKLGCEYCECRPKRKLIPRLSG,29,5.0,,,0.466681,0.917327,0.003263,41.775491,0.984553,0.028334,0.997598,0.203187,0.999703,0.676461,0.167374,0.0,0.001633,0.005078,0.000269
13,pep_00120,GPNGLKRDKLGCEYCECRPKRKLIPRLSQ,29,5.0,,,0.466681,0.917327,0.003263,41.775491,0.984553,0.028334,0.997598,0.203187,0.999703,0.676461,0.167374,0.0,0.001633,0.005078,0.000269
14,pep_00127,SPNGLKRDKLGCEYCECRPKRKLIPRLS,28,5.0,,,0.466521,0.914926,0.00304,41.797386,0.985045,0.027918,0.99768,0.204668,0.999724,0.677054,0.167064,0.0,0.001587,0.004702,0.000263
15,pep_00118,PNGLKRDKLGCEYCECRPKRKLIPRLS,27,5.0,,,0.466501,0.907424,0.002921,41.878054,0.987094,0.026917,0.998729,0.206592,0.999765,0.678936,0.166291,0.0,0.001462,0.004659,0.000242
16,pep_00124,PNGLKRDKLGCEYCECRPKRKLIPRLSA,28,5.0,,,0.466392,0.915567,0.003123,41.772617,0.984618,0.027912,0.997476,0.203921,0.999768,0.676696,0.167142,0.0,0.001556,0.004885,0.000246
17,pep_00126,APNGLKRDKLGCEYCECRPKRKLIPRLS,28,5.0,,,0.466392,0.915567,0.003123,41.772617,0.984618,0.027912,0.997476,0.203921,0.999768,0.676696,0.167142,0.0,0.001556,0.004885,0.000246
18,pep_00122,GPNGLKRDKLGCEYCECRPKRKLIPRLS,28,5.0,,,0.46622,0.91092,0.00304,41.800007,0.985104,0.027871,0.997762,0.2047,0.999719,0.677136,0.167046,0.0,0.001557,0.004747,0.000263
19,pep_00123,PNGLKRDKLGCEYCECRPKRKLIPRLSG,28,5.0,,,0.46622,0.91092,0.00304,41.800007,0.985104,0.027871,0.997762,0.2047,0.999719,0.677136,0.167046,0.0,0.001557,0.004747,0.000263
20,pep_00130,GPNGLKRDKLGCEYCECRPKRKLIPRLSG,29,5.0,,,0.466076,0.914883,0.003171,41.733058,0.983406,0.028719,0.996945,0.20296,0.999672,0.6756,0.167704,0.0,0.001655,0.00486,0.000284
21,pep_00599,GKRRHPKK,8,5.0,,,0.463813,0.941374,0.006172,40.921093,0.956381,0.037603,0.981596,0.213676,0.999389,0.649897,0.176602,0.0,0.00346,0.009393,0.000606
22,pep_00125,PNGLKRDKLGCEYCECRPKRKLIPRLSS,28,5.0,,,0.461015,0.921999,0.002848,41.108123,0.967988,0.030862,0.98786,0.200512,0.999586,0.663372,0.170522,0.0,0.001142,0.004364,0.000258
23,pep_00573,SEKTLRKWLKMFKKRQLELY,20,5.0,,,0.458972,0.865971,0.002419,41.397196,0.974203,0.032789,0.992382,0.197235,1.0,0.665706,0.171914,0.0,0.001098,0.004433,0.000174
24,pep_00574,SEKTLRKWLKMFKKRQLELYG,21,5.0,,,0.458006,0.868995,0.002539,41.242786,0.970289,0.034076,0.990397,0.194872,1.0,0.662332,0.173068,0.0,0.001153,0.00456,0.000183
25,pep_00580,GSEKTLRKWLKMFKKRQLELY,21,5.0,,,0.458006,0.868995,0.002539,41.242786,0.970289,0.034076,0.990397,0.194872,1.0,0.662332,0.173068,0.0,0.001153,0.00456,0.000183
