rank,candidate_id,sequence,screening_status,composite_screen_score,hs_affinity_reward,hs_selectivity_reward,transport_reward,residence_reward,anticoagulant_penalty,off_target_penalty,heparin_penalty,developability_penalty
374,pep_00432,KKGFYKKKQCRPSKGRKRG,reject,56.10027,0.992397,0.004183,0.996335,0.411519,0.035349,0.165097,0,0.25
375,pep_00435,KKGFYKKKQCRPSKGRKRS,reject,56.10027,0.992397,0.004183,0.996335,0.411519,0.035349,0.165097,0,0.25
376,pep_00436,SKKGFYKKKQCRPSKGRKR,reject,56.10027,0.992397,0.004183,0.996335,0.411519,0.035349,0.165097,0,0.25
377,pep_00438,KKGFYKKKQCRPSKGRKRQ,reject,56.10027,0.992397,0.004183,0.996335,0.411519,0.035349,0.165097,0,0.25
378,pep_00439,GKKGFYKKKQCRPSKGRKR,reject,56.10027,0.992397,0.004183,0.996335,0.411519,0.035349,0.165097,0,0.25
379,pep_00442,QKKGFYKKKQCRPSKGRKR,reject,56.10027,0.992397,0.004183,0.996335,0.411519,0.035349,0.165097,0,0.25
380,pep_00457,RKGFYKRKQCKPSRGRKRS,reject,56.10027,0.992397,0.004183,0.996335,0.411519,0.035349,0.165097,0,0.25
381,pep_00458,GRKGFYKRKQCKPSRGRKR,reject,56.10027,0.992397,0.004183,0.996335,0.411519,0.035349,0.165097,0,0.25
382,pep_00461,RKGFYKRKQCKPSRGRKRG,reject,56.10027,0.992397,0.004183,0.996335,0.411519,0.035349,0.165097,0,0.25
383,pep_00463,RKGFYKRKQCKPSRGRKRQ,reject,56.10027,0.992397,0.004183,0.996335,0.411519,0.035349,0.165097,0,0.25
384,pep_00464,QRKGFYKRKQCKPSRGRKR,reject,56.10027,0.992397,0.004183,0.996335,0.411519,0.035349,0.165097,0,0.25
385,pep_00467,SRKGFYKRKQCKPSRGRKR,reject,56.10027,0.992397,0.004183,0.996335,0.411519,0.035349,0.165097,0,0.25
386,pep_00431,KKGFYKKKQCRPSKGRKRA,reject,56.100255,0.992396,0.004183,0.996335,0.411519,0.035349,0.165096,0,0.25
387,pep_00434,AKKGFYKKKQCRPSKGRKR,reject,56.100255,0.992396,0.004183,0.996335,0.411519,0.035349,0.165096,0,0.25
388,pep_00460,RKGFYKRKQCKPSRGRKRA,reject,56.100255,0.992396,0.004183,0.996335,0.411519,0.035349,0.165096,0,0.25
