rank,candidate_id,sequence,length,approx_net_charge,basic_fraction,hydrophobic_fraction,warning_flags,filter_flags,screening_status,composite_screen_score,hs_affinity_reward,hs_selectivity_reward,transport_reward,residence_reward,anticoagulant_penalty,off_target_penalty,heparin_penalty,developability_penalty,tier_a_sulfated_peak_mean,tier_a_unsulfated_peak,tier_a_anticoagulant_peak,tier_a_off_target_peak_mean,tier_a_heparin_peak,tier_a_best_variant_id,tier_a_best_variant_peak,transport_probe_variant_id,tier_b_mixed_peak_mean_occupancy,tier_b_mixed_penetration_depth_um,tier_b_anticoagulant_peak_mean_occupancy,tier_b_anticoagulant_penetration_depth_um,tier_b_heparin_peak_mean_occupancy,estimated_diffusion_coefficient_um2_s,estimated_clearance_rate_per_s,estimated_association_rate_M_inv_s,estimated_dissociation_rate_per_s,estimated_barrier_permeability_cm_s,estimated_half_life_s,estimated_enzymatic_degradation_rate_per_s,estimated_spontaneous_degradation_rate_per_s,risk_flags
1,pep_00029,QQPRRKTAKMLKQ,13,5.0,0.38461538461538464,0.23076923076923078,,,pass,51.177588,0.910193,0.043409,0.95566,0.192287,0.158443,0.133607,0.021241,0.0,0.910193,0.842391,0.961203,0.866784,0.951993,HS-dp5-AT-motif,0.961203,HS-dp6-mixed,0.931784,2.0,0.960673,2.0,0.951343,102.769231,0.000815,219230.769231,0.266154,3.91538e-07,6453.846154,8.2923e-05,1.2308e-05,
2,pep_00032,QQPRRKTAKMLKG,13,5.0,0.38461538461538464,0.23076923076923078,,,pass,51.177588,0.910193,0.043409,0.95566,0.192287,0.158443,0.133607,0.021241,0.0,0.910193,0.842391,0.961203,0.866784,0.951993,HS-dp5-AT-motif,0.961203,HS-dp6-mixed,0.931784,2.0,0.960673,2.0,0.951343,102.769231,0.000815,219230.769231,0.266154,3.91538e-07,6453.846154,8.2923e-05,1.2308e-05,
3,pep_00035,GQPRRKTAKMLKQ,13,5.0,0.38461538461538464,0.23076923076923078,,,pass,51.177588,0.910193,0.043409,0.95566,0.192287,0.158443,0.133607,0.021241,0.0,0.910193,0.842391,0.961203,0.866784,0.951993,HS-dp5-AT-motif,0.961203,HS-dp6-mixed,0.931784,2.0,0.960673,2.0,0.951343,102.769231,0.000815,219230.769231,0.266154,3.91538e-07,6453.846154,8.2923e-05,1.2308e-05,
4,pep_00037,GQPRRKTAKMLKG,13,5.0,0.38461538461538464,0.23076923076923078,,,pass,51.177588,0.910193,0.043409,0.95566,0.192287,0.158443,0.133607,0.021241,0.0,0.910193,0.842391,0.961203,0.866784,0.951993,HS-dp5-AT-motif,0.961203,HS-dp6-mixed,0.931784,2.0,0.960673,2.0,0.951343,102.769231,0.000815,219230.769231,0.266154,3.91538e-07,6453.846154,8.2923e-05,1.2308e-05,
5,pep_00001,NWCKRGRKQCKTHPH,15,5.0,0.3333333333333333,0.06666666666666667,,,pass,50.193066,0.892392,0.050538,0.946593,0.189458,0.188436,0.126873,0.035133,0.0,0.892392,0.813793,0.952959,0.841854,0.941911,HS-dp5-AT-motif,0.952959,HS-dp6-mixed,0.917835,2.0,0.952329,2.0,0.941141,100.133333,0.000762,185000.0,0.274667,3.03333e-07,6980.0,9.4e-05,1.0667e-05,
6,pep_00002,NWCKRGRKQCKTHPHS,16,5.0,0.3125,0.0625,,,pass,49.843304,0.886553,0.052777,0.943599,0.185964,0.198163,0.124678,0.039613,0.0,0.886553,0.804585,0.950212,0.833776,0.93856,HS-dp5-AT-motif,0.950212,HS-dp6-mixed,0.91323,2.0,0.94955,2.0,0.937754,97.375,0.000746,181250.0,0.285625,2.7625e-07,7334.375,9.6375e-05,1.0625e-05,
7,pep_00004,QNWCKRGRKQCKTHPH,16,5.0,0.3125,0.0625,,,pass,49.843304,0.886553,0.052777,0.943599,0.185964,0.198163,0.124678,0.039613,0.0,0.886553,0.804585,0.950212,0.833776,0.93856,HS-dp5-AT-motif,0.950212,HS-dp6-mixed,0.91323,2.0,0.94955,2.0,0.937754,97.375,0.000746,181250.0,0.285625,2.7625e-07,7334.375,9.6375e-05,1.0625e-05,
8,pep_00009,GNWCKRGRKQCKTHPH,16,5.0,0.3125,0.0625,,,pass,49.843304,0.886553,0.052777,0.943599,0.185964,0.198163,0.124678,0.039613,0.0,0.886553,0.804585,0.950212,0.833776,0.93856,HS-dp5-AT-motif,0.950212,HS-dp6-mixed,0.91323,2.0,0.94955,2.0,0.937754,97.375,0.000746,181250.0,0.285625,2.7625e-07,7334.375,9.6375e-05,1.0625e-05,
9,pep_00010,NWCKRGRKQCKTHPHG,16,5.0,0.3125,0.0625,,,pass,49.843304,0.886553,0.052777,0.943599,0.185964,0.198163,0.124678,0.039613,0.0,0.886553,0.804585,0.950212,0.833776,0.93856,HS-dp5-AT-motif,0.950212,HS-dp6-mixed,0.91323,2.0,0.94955,2.0,0.937754,97.375,0.000746,181250.0,0.285625,2.7625e-07,7334.375,9.6375e-05,1.0625e-05,
10,pep_00011,SNWCKRGRKQCKTHPH,16,5.0,0.3125,0.0625,,,pass,49.843304,0.886553,0.052777,0.943599,0.185964,0.198163,0.124678,0.039613,0.0,0.886553,0.804585,0.950212,0.833776,0.93856,HS-dp5-AT-motif,0.950212,HS-dp6-mixed,0.91323,2.0,0.94955,2.0,0.937754,97.375,0.000746,181250.0,0.285625,2.7625e-07,7334.375,9.6375e-05,1.0625e-05,
11,pep_00012,NWCKRGRKQCKTHPHQ,16,5.0,0.3125,0.0625,,,pass,49.843304,0.886553,0.052777,0.943599,0.185964,0.198163,0.124678,0.039613,0.0,0.886553,0.804585,0.950212,0.833776,0.93856,HS-dp5-AT-motif,0.950212,HS-dp6-mixed,0.91323,2.0,0.94955,2.0,0.937754,97.375,0.000746,181250.0,0.285625,2.7625e-07,7334.375,9.6375e-05,1.0625e-05,
12,pep_00027,QPRRKTAKMLK,11,5.0,0.45454545454545453,0.2727272727272727,,,review,52.065849,0.924528,0.037327,0.962893,0.204513,0.13393,0.139069,0.009798,0.0,0.924528,0.866021,0.967703,0.887201,0.959972,HS-dp5-AT-motif,0.967703,HS-dp6-mixed,0.942913,2.0,0.967254,2.0,0.95942,107.454545,0.000845,231818.181818,0.232727,4.40909e-07,5772.727273,7.6545e-05,1.2727e-05,off_target_binding
13,pep_00028,GQPRRKTAKMLK,12,5.0,0.4166666666666667,0.25,,,review,51.590377,0.916905,0.0406,0.959054,0.197655,0.147005,0.136161,0.015911,0.0,0.916905,0.853388,0.964262,0.876305,0.955745,HS-dp5-AT-motif,0.964262,HS-dp6-mixed,0.937006,2.0,0.963769,2.0,0.95514,105.166667,0.000835,225000.0,0.250833,4.25e-07,6112.5,7.9833e-05,1.25e-05,off_target_binding
14,pep_00030,QQPRRKTAKMLK,12,5.0,0.4166666666666667,0.25,,,review,51.590377,0.916905,0.0406,0.959054,0.197655,0.147005,0.136161,0.015911,0.0,0.916905,0.853388,0.964262,0.876305,0.955745,HS-dp5-AT-motif,0.964262,HS-dp6-mixed,0.937006,2.0,0.963769,2.0,0.95514,105.166667,0.000835,225000.0,0.250833,4.25e-07,6112.5,7.9833e-05,1.25e-05,off_target_binding
15,pep_00031,QPRRKTAKMLKS,12,5.0,0.4166666666666667,0.25,,,review,51.590377,0.916905,0.0406,0.959054,0.197655,0.147005,0.136161,0.015911,0.0,0.916905,0.853388,0.964262,0.876305,0.955745,HS-dp5-AT-motif,0.964262,HS-dp6-mixed,0.937006,2.0,0.963769,2.0,0.95514,105.166667,0.000835,225000.0,0.250833,4.25e-07,6112.5,7.9833e-05,1.25e-05,off_target_binding
16,pep_00033,QPRRKTAKMLKG,12,5.0,0.4166666666666667,0.25,,,review,51.590377,0.916905,0.0406,0.959054,0.197655,0.147005,0.136161,0.015911,0.0,0.916905,0.853388,0.964262,0.876305,0.955745,HS-dp5-AT-motif,0.964262,HS-dp6-mixed,0.937006,2.0,0.963769,2.0,0.95514,105.166667,0.000835,225000.0,0.250833,4.25e-07,6112.5,7.9833e-05,1.25e-05,off_target_binding
17,pep_00036,SQPRRKTAKMLK,12,5.0,0.4166666666666667,0.25,,,review,51.590377,0.916905,0.0406,0.959054,0.197655,0.147005,0.136161,0.015911,0.0,0.916905,0.853388,0.964262,0.876305,0.955745,HS-dp5-AT-motif,0.964262,HS-dp6-mixed,0.937006,2.0,0.963769,2.0,0.95514,105.166667,0.000835,225000.0,0.250833,4.25e-07,6112.5,7.9833e-05,1.25e-05,off_target_binding
18,pep_00038,QPRRKTAKMLKQ,12,5.0,0.4166666666666667,0.25,,,review,51.590377,0.916905,0.0406,0.959054,0.197655,0.147005,0.136161,0.015911,0.0,0.916905,0.853388,0.964262,0.876305,0.955745,HS-dp5-AT-motif,0.964262,HS-dp6-mixed,0.937006,2.0,0.963769,2.0,0.95514,105.166667,0.000835,225000.0,0.250833,4.25e-07,6112.5,7.9833e-05,1.25e-05,off_target_binding
19,pep_00034,QPRRKTAKMLKA,12,5.0,0.4166666666666667,0.3333333333333333,,,review,51.393404,0.913885,0.041872,0.957527,0.194109,0.152162,0.135011,0.018315,0.0,0.913885,0.848425,0.962889,0.872013,0.95406,HS-dp5-AT-motif,0.962889,HS-dp6-mixed,0.934657,2.0,0.962378,2.0,0.953433,103.666667,0.000845,225000.0,0.260833,4.41667e-07,6212.5,7.65e-05,1.3333e-05,off_target_binding
20,pep_00039,AQPRRKTAKMLK,12,5.0,0.4166666666666667,0.3333333333333333,,,review,51.393404,0.913885,0.041872,0.957527,0.194109,0.152162,0.135011,0.018315,0.0,0.913885,0.848425,0.962889,0.872013,0.95406,HS-dp5-AT-motif,0.962889,HS-dp6-mixed,0.934657,2.0,0.962378,2.0,0.953433,103.666667,0.000845,225000.0,0.260833,4.41667e-07,6212.5,7.65e-05,1.3333e-05,off_target_binding
21,pep_00006,ANWCKRGRKQCKTHPH,16,5.0,0.3125,0.125,,,review,49.678562,0.883928,0.053767,0.942249,0.183663,0.202518,0.123693,0.041614,0.0,0.883928,0.800474,0.94897,0.830161,0.937047,HS-dp5-AT-motif,0.94897,HS-dp6-mixed,0.911152,2.0,0.948293,2.0,0.936222,96.25,0.000753,181250.0,0.293125,2.8875e-07,7409.375,9.3875e-05,1.125e-05,
22,pep_00008,NWCKRGRKQCKTHPHA,16,5.0,0.3125,0.125,,,review,49.678562,0.883928,0.053767,0.942249,0.183663,0.202518,0.123693,0.041614,0.0,0.883928,0.800474,0.94897,0.830161,0.937047,HS-dp5-AT-motif,0.94897,HS-dp6-mixed,0.911152,2.0,0.948293,2.0,0.936222,96.25,0.000753,181250.0,0.293125,2.8875e-07,7409.375,9.3875e-05,1.125e-05,
23,pep_00003,QNWCKRGRKQCKTHPHG,17,5.0,0.29411764705882354,0.058823529411764705,,,review,49.528148,0.881263,0.054763,0.94088,0.18301,0.206924,0.122696,0.043638,0.0,0.881263,0.796318,0.947705,0.826501,0.935507,HS-dp5-AT-motif,0.947705,HS-dp6-mixed,0.909046,2.0,0.947016,2.0,0.934667,94.588235,0.00073,177941.176471,0.295294,2.5e-07,7688.235294,9.8706e-05,1.0588e-05,
24,pep_00005,GNWCKRGRKQCKTHPHQ,17,5.0,0.29411764705882354,0.058823529411764705,,,review,49.528148,0.881263,0.054763,0.94088,0.18301,0.206924,0.122696,0.043638,0.0,0.881263,0.796318,0.947705,0.826501,0.935507,HS-dp5-AT-motif,0.947705,HS-dp6-mixed,0.909046,2.0,0.947016,2.0,0.934667,94.588235,0.00073,177941.176471,0.295294,2.5e-07,7688.235294,9.8706e-05,1.0588e-05,
25,pep_00007,GNWCKRGRKQCKTHPHG,17,5.0,0.29411764705882354,0.058823529411764705,,,review,49.528148,0.881263,0.054763,0.94088,0.18301,0.206924,0.122696,0.043638,0.0,0.881263,0.796318,0.947705,0.826501,0.935507,HS-dp5-AT-motif,0.947705,HS-dp6-mixed,0.909046,2.0,0.947016,2.0,0.934667,94.588235,0.00073,177941.176471,0.295294,2.5e-07,7688.235294,9.8706e-05,1.0588e-05,
26,pep_00013,QNWCKRGRKQCKTHPHQ,17,5.0,0.29411764705882354,0.058823529411764705,,,review,49.528148,0.881263,0.054763,0.94088,0.18301,0.206924,0.122696,0.043638,0.0,0.881263,0.796318,0.947705,0.826501,0.935507,HS-dp5-AT-motif,0.947705,HS-dp6-mixed,0.909046,2.0,0.947016,2.0,0.934667,94.588235,0.00073,177941.176471,0.295294,2.5e-07,7688.235294,9.8706e-05,1.0588e-05,
27,pep_00040,SGKKFKNQ,8,3.0,0.375,0.125,,,review,47.555754,0.848224,0.066283,0.923662,0.166116,0.260608,0.110478,0.070901,0.0,0.848224,0.746193,0.931638,0.781941,0.916023,HS-dp5-AT-motif,0.931638,HS-dp6-mixed,0.882557,2.0,0.930743,2.0,0.914942,119.75,0.000633,162500.0,0.35875,3.875e-07,4581.25,8.125e-05,1.125e-05,anticoagulant_bias
28,pep_00043,SGKKFKNQQ,9,3.0,0.3333333333333333,0.1111111111111111,,,review,46.736696,0.834307,0.07069,0.916317,0.161252,0.282632,0.105429,0.084132,0.0,0.834307,0.725833,0.924652,0.763617,0.9076,HS-dp5-AT-motif,0.924652,HS-dp6-mixed,0.871257,2.0,0.923678,2.0,0.906428,117.333333,0.000623,155000.0,0.38,3.72222e-07,4933.333333,8.2222e-05,1.1111e-05,anticoagulant_bias
29,pep_00044,SGKKFKNQS,9,3.0,0.3333333333333333,0.1111111111111111,,,review,46.736696,0.834307,0.07069,0.916317,0.161252,0.282632,0.105429,0.084132,0.0,0.834307,0.725833,0.924652,0.763617,0.9076,HS-dp5-AT-motif,0.924652,HS-dp6-mixed,0.871257,2.0,0.923678,2.0,0.906428,117.333333,0.000623,155000.0,0.38,3.72222e-07,4933.333333,8.2222e-05,1.1111e-05,anticoagulant_bias
30,pep_00045,SSGKKFKNQ,9,3.0,0.3333333333333333,0.1111111111111111,,,review,46.736696,0.834307,0.07069,0.916317,0.161252,0.282632,0.105429,0.084132,0.0,0.834307,0.725833,0.924652,0.763617,0.9076,HS-dp5-AT-motif,0.924652,HS-dp6-mixed,0.871257,2.0,0.923678,2.0,0.906428,117.333333,0.000623,155000.0,0.38,3.72222e-07,4933.333333,8.2222e-05,1.1111e-05,anticoagulant_bias
31,pep_00047,SGKKFKNQG,9,3.0,0.3333333333333333,0.1111111111111111,,,review,46.736696,0.834307,0.07069,0.916317,0.161252,0.282632,0.105429,0.084132,0.0,0.834307,0.725833,0.924652,0.763617,0.9076,HS-dp5-AT-motif,0.924652,HS-dp6-mixed,0.871257,2.0,0.923678,2.0,0.906428,117.333333,0.000623,155000.0,0.38,3.72222e-07,4933.333333,8.2222e-05,1.1111e-05,anticoagulant_bias
32,pep_00049,QSGKKFKNQ,9,3.0,0.3333333333333333,0.1111111111111111,,,review,46.736696,0.834307,0.07069,0.916317,0.161252,0.282632,0.105429,0.084132,0.0,0.834307,0.725833,0.924652,0.763617,0.9076,HS-dp5-AT-motif,0.924652,HS-dp6-mixed,0.871257,2.0,0.923678,2.0,0.906428,117.333333,0.000623,155000.0,0.38,3.72222e-07,4933.333333,8.2222e-05,1.1111e-05,anticoagulant_bias
33,pep_00042,ASGKKFKNQ,9,3.0,0.3333333333333333,0.2222222222222222,,,review,46.44157,0.829508,0.072151,0.913768,0.158367,0.290146,0.103703,0.08863,0.0,0.829508,0.718912,0.922212,0.757357,0.904664,HS-dp5-AT-motif,0.922212,HS-dp6-mixed,0.867336,2.0,0.921209,2.0,0.903459,115.333333,0.000637,155000.0,0.393333,3.94444e-07,5066.666667,7.7778e-05,1.2222e-05,anticoagulant_bias
34,pep_00041,QSGKKFKNQG,10,3.0,0.3,0.1,,,review,46.046982,0.822542,0.074217,0.91006,0.157595,0.300971,0.101211,0.095096,0.0,0.822542,0.708955,0.918641,0.748324,0.900375,HS-dp5-AT-motif,0.918641,HS-dp6-mixed,0.861631,2.0,0.917601,2.0,0.899127,114.8,0.000616,149000.0,0.397,3.6e-07,5285.0,8.3e-05,1.1e-05,anticoagulant_bias
35,pep_00046,GSGKKFKNQG,10,3.0,0.3,0.1,,,review,46.046982,0.822542,0.074217,0.91006,0.157595,0.300971,0.101211,0.095096,0.0,0.822542,0.708955,0.918641,0.748324,0.900375,HS-dp5-AT-motif,0.918641,HS-dp6-mixed,0.861631,2.0,0.917601,2.0,0.899127,114.8,0.000616,149000.0,0.397,3.6e-07,5285.0,8.3e-05,1.1e-05,anticoagulant_bias
36,pep_00048,QSGKKFKNQQ,10,3.0,0.3,0.1,,,review,46.046982,0.822542,0.074217,0.91006,0.157595,0.300971,0.101211,0.095096,0.0,0.822542,0.708955,0.918641,0.748324,0.900375,HS-dp5-AT-motif,0.918641,HS-dp6-mixed,0.861631,2.0,0.917601,2.0,0.899127,114.8,0.000616,149000.0,0.397,3.6e-07,5285.0,8.3e-05,1.1e-05,anticoagulant_bias
37,pep_00050,GSGKKFKNQQ,10,3.0,0.3,0.1,,,review,46.046982,0.822542,0.074217,0.91006,0.157595,0.300971,0.101211,0.095096,0.0,0.822542,0.708955,0.918641,0.748324,0.900375,HS-dp5-AT-motif,0.918641,HS-dp6-mixed,0.861631,2.0,0.917601,2.0,0.899127,114.8,0.000616,149000.0,0.397,3.6e-07,5285.0,8.3e-05,1.1e-05,anticoagulant_bias
38,pep_00014,HIQKTGGTT,9,1.0,0.1111111111111111,0.1111111111111111,,,reject,35.00574,0.637187,0.107948,0.805505,0.124762,0.549233,0.086918,0.237234,0.0,0.637187,0.478111,0.809398,0.529239,0.772675,HS-dp5-AT-motif,0.809398,HS-dp6-mixed,0.700776,2.0,0.807257,2.0,0.770238,119.111111,0.000583,85000.0,0.602222,3.05556e-07,5033.333333,8.4444e-05,1.1111e-05,anticoagulant_bias;heparin_bias
39,pep_00015,HIQKTGGTTS,10,1.0,0.1,0.1,,,reject,34.576175,0.629885,0.108512,0.801157,0.124176,0.557149,0.087001,0.24149,0.0,0.629885,0.470196,0.804452,0.521373,0.767051,HS-dp5-AT-motif,0.804452,HS-dp6-mixed,0.694088,2.0,0.802277,2.0,0.764581,116.4,0.00058,83000.0,0.607,3e-07,5375.0,8.5e-05,1.1e-05,anticoagulant_bias;heparin_bias
40,pep_00017,HIQKTGGTTQ,10,1.0,0.1,0.1,,,reject,34.576175,0.629885,0.108512,0.801157,0.124176,0.557149,0.087001,0.24149,0.0,0.629885,0.470196,0.804452,0.521373,0.767051,HS-dp5-AT-motif,0.804452,HS-dp6-mixed,0.694088,2.0,0.802277,2.0,0.764581,116.4,0.00058,83000.0,0.607,3e-07,5375.0,8.5e-05,1.1e-05,anticoagulant_bias;heparin_bias
41,pep_00022,SHIQKTGGTT,10,1.0,0.1,0.1,,,reject,34.576175,0.629885,0.108512,0.801157,0.124176,0.557149,0.087001,0.24149,0.0,0.629885,0.470196,0.804452,0.521373,0.767051,HS-dp5-AT-motif,0.804452,HS-dp6-mixed,0.694088,2.0,0.802277,2.0,0.764581,116.4,0.00058,83000.0,0.607,3e-07,5375.0,8.5e-05,1.1e-05,anticoagulant_bias;heparin_bias
42,pep_00023,GHIQKTGGTT,10,1.0,0.1,0.1,,,reject,34.576175,0.629885,0.108512,0.801157,0.124176,0.557149,0.087001,0.24149,0.0,0.629885,0.470196,0.804452,0.521373,0.767051,HS-dp5-AT-motif,0.804452,HS-dp6-mixed,0.694088,2.0,0.802277,2.0,0.764581,116.4,0.00058,83000.0,0.607,3e-07,5375.0,8.5e-05,1.1e-05,anticoagulant_bias;heparin_bias
43,pep_00024,HIQKTGGTTG,10,1.0,0.1,0.1,,,reject,34.576175,0.629885,0.108512,0.801157,0.124176,0.557149,0.087001,0.24149,0.0,0.629885,0.470196,0.804452,0.521373,0.767051,HS-dp5-AT-motif,0.804452,HS-dp6-mixed,0.694088,2.0,0.802277,2.0,0.764581,116.4,0.00058,83000.0,0.607,3e-07,5375.0,8.5e-05,1.1e-05,anticoagulant_bias;heparin_bias
44,pep_00025,QHIQKTGGTT,10,1.0,0.1,0.1,,,reject,34.576175,0.629885,0.108512,0.801157,0.124176,0.557149,0.087001,0.24149,0.0,0.629885,0.470196,0.804452,0.521373,0.767051,HS-dp5-AT-motif,0.804452,HS-dp6-mixed,0.694088,2.0,0.802277,2.0,0.764581,116.4,0.00058,83000.0,0.607,3e-07,5375.0,8.5e-05,1.1e-05,anticoagulant_bias;heparin_bias
45,pep_00020,HIQKTGGTTA,10,1.0,0.1,0.2,,,reject,34.298706,0.625347,0.108836,0.798442,0.122733,0.561989,0.08703,0.244079,0.0,0.625347,0.465316,0.801351,0.516511,0.76353,HS-dp5-AT-motif,0.801351,HS-dp6-mixed,0.689911,2.0,0.79915,2.0,0.761035,114.6,0.000592,83000.0,0.619,3.2e-07,5495.0,8.1e-05,1.2e-05,anticoagulant_bias;heparin_bias
46,pep_00026,AHIQKTGGTT,10,1.0,0.1,0.2,,,reject,34.298706,0.625347,0.108836,0.798442,0.122733,0.561989,0.08703,0.244079,0.0,0.625347,0.465316,0.801351,0.516511,0.76353,HS-dp5-AT-motif,0.801351,HS-dp6-mixed,0.689911,2.0,0.79915,2.0,0.761035,114.6,0.000592,83000.0,0.619,3.2e-07,5495.0,8.1e-05,1.2e-05,anticoagulant_bias;heparin_bias
47,pep_00016,GHIQKTGGTTG,11,1.0,0.09090909090909091,0.09090909090909091,,,reject,34.21757,0.623776,0.108944,0.797506,0.123702,0.563646,0.087037,0.244963,0.0,0.623776,0.463634,0.800272,0.514832,0.762307,HS-dp5-AT-motif,0.800272,HS-dp6-mixed,0.688471,2.0,0.798068,2.0,0.759811,113.636364,0.000577,81363.636364,0.610909,2.95455e-07,5718.181818,8.7455e-05,1.0909e-05,anticoagulant_bias;heparin_bias
48,pep_00018,QHIQKTGGTTQ,11,1.0,0.09090909090909091,0.09090909090909091,,,reject,34.21757,0.623776,0.108944,0.797506,0.123702,0.563646,0.087037,0.244963,0.0,0.623776,0.463634,0.800272,0.514832,0.762307,HS-dp5-AT-motif,0.800272,HS-dp6-mixed,0.688471,2.0,0.798068,2.0,0.759811,113.636364,0.000577,81363.636364,0.610909,2.95455e-07,5718.181818,8.7455e-05,1.0909e-05,anticoagulant_bias;heparin_bias
49,pep_00019,QHIQKTGGTTG,11,1.0,0.09090909090909091,0.09090909090909091,,,reject,34.21757,0.623776,0.108944,0.797506,0.123702,0.563646,0.087037,0.244963,0.0,0.623776,0.463634,0.800272,0.514832,0.762307,HS-dp5-AT-motif,0.800272,HS-dp6-mixed,0.688471,2.0,0.798068,2.0,0.759811,113.636364,0.000577,81363.636364,0.610909,2.95455e-07,5718.181818,8.7455e-05,1.0909e-05,anticoagulant_bias;heparin_bias
50,pep_00021,GHIQKTGGTTQ,11,1.0,0.09090909090909091,0.09090909090909091,,,reject,34.21757,0.623776,0.108944,0.797506,0.123702,0.563646,0.087037,0.244963,0.0,0.623776,0.463634,0.800272,0.514832,0.762307,HS-dp5-AT-motif,0.800272,HS-dp6-mixed,0.688471,2.0,0.798068,2.0,0.759811,113.636364,0.000577,81363.636364,0.610909,2.95455e-07,5718.181818,8.7455e-05,1.0909e-05,anticoagulant_bias;heparin_bias
