rank,candidate_id,sequence,length,approx_net_charge,basic_fraction,hydrophobic_fraction,warning_flags,filter_flags,screening_status,composite_screen_score,hs_affinity_reward,hs_selectivity_reward,transport_reward,residence_reward,anticoagulant_penalty,developability_penalty,tier_a_sulfated_peak_mean,tier_a_unsulfated_peak,tier_a_anticoagulant_peak,tier_a_best_variant_id,tier_a_best_variant_peak,tier_b_mixed_peak_mean_occupancy,tier_b_mixed_penetration_depth_um,tier_b_anticoagulant_peak_mean_occupancy,tier_b_anticoagulant_penetration_depth_um,estimated_diffusion_coefficient_um2_s,estimated_clearance_rate_per_s,estimated_association_rate_M_inv_s,estimated_dissociation_rate_per_s,estimated_barrier_permeability_cm_s,estimated_half_life_s,estimated_enzymatic_degradation_rate_per_s,estimated_spontaneous_degradation_rate_per_s,risk_flags
1,pep_00001,NWCKRGRKQCKTHPH,15,5.0,0.3333333333333333,0.06666666666666667,,,review,43.632171,0.892392,0.0786,0.946593,0.189458,1.0,0.0,0.892392,0.813793,0.952959,HS-dp5-AT-motif,0.952959,0.917835,2.0,0.952329,2.0,100.133333,0.000762,185000.0,0.274667,3.03333e-07,6980.0,9.4e-05,1.0667e-05,anticoagulant_bias
2,pep_00002,NWCKRGRKQCKTHPHS,16,5.0,0.3125,0.0625,,,review,43.400336,0.886553,0.081968,0.943599,0.185964,1.0,0.0,0.886553,0.804585,0.950212,HS-dp5-AT-motif,0.950212,0.91323,2.0,0.94955,2.0,97.375,0.000746,181250.0,0.285625,2.7625e-07,7334.375,9.6375e-05,1.0625e-05,anticoagulant_bias
3,pep_00004,QNWCKRGRKQCKTHPH,16,5.0,0.3125,0.0625,,,review,43.400336,0.886553,0.081968,0.943599,0.185964,1.0,0.0,0.886553,0.804585,0.950212,HS-dp5-AT-motif,0.950212,0.91323,2.0,0.94955,2.0,97.375,0.000746,181250.0,0.285625,2.7625e-07,7334.375,9.6375e-05,1.0625e-05,anticoagulant_bias
4,pep_00009,GNWCKRGRKQCKTHPH,16,5.0,0.3125,0.0625,,,review,43.400336,0.886553,0.081968,0.943599,0.185964,1.0,0.0,0.886553,0.804585,0.950212,HS-dp5-AT-motif,0.950212,0.91323,2.0,0.94955,2.0,97.375,0.000746,181250.0,0.285625,2.7625e-07,7334.375,9.6375e-05,1.0625e-05,anticoagulant_bias
5,pep_00010,NWCKRGRKQCKTHPHG,16,5.0,0.3125,0.0625,,,review,43.400336,0.886553,0.081968,0.943599,0.185964,1.0,0.0,0.886553,0.804585,0.950212,HS-dp5-AT-motif,0.950212,0.91323,2.0,0.94955,2.0,97.375,0.000746,181250.0,0.285625,2.7625e-07,7334.375,9.6375e-05,1.0625e-05,anticoagulant_bias
6,pep_00011,SNWCKRGRKQCKTHPH,16,5.0,0.3125,0.0625,,,review,43.400336,0.886553,0.081968,0.943599,0.185964,1.0,0.0,0.886553,0.804585,0.950212,HS-dp5-AT-motif,0.950212,0.91323,2.0,0.94955,2.0,97.375,0.000746,181250.0,0.285625,2.7625e-07,7334.375,9.6375e-05,1.0625e-05,anticoagulant_bias
7,pep_00012,NWCKRGRKQCKTHPHQ,16,5.0,0.3125,0.0625,,,review,43.400336,0.886553,0.081968,0.943599,0.185964,1.0,0.0,0.886553,0.804585,0.950212,HS-dp5-AT-motif,0.950212,0.91323,2.0,0.94955,2.0,97.375,0.000746,181250.0,0.285625,2.7625e-07,7334.375,9.6375e-05,1.0625e-05,anticoagulant_bias
8,pep_00006,ANWCKRGRKQCKTHPH,16,5.0,0.3125,0.125,,,review,43.288177,0.883928,0.083454,0.942249,0.183663,1.0,0.0,0.883928,0.800474,0.94897,HS-dp5-AT-motif,0.94897,0.911152,2.0,0.948293,2.0,96.25,0.000753,181250.0,0.293125,2.8875e-07,7409.375,9.3875e-05,1.125e-05,anticoagulant_bias
9,pep_00008,NWCKRGRKQCKTHPHA,16,5.0,0.3125,0.125,,,review,43.288177,0.883928,0.083454,0.942249,0.183663,1.0,0.0,0.883928,0.800474,0.94897,HS-dp5-AT-motif,0.94897,0.911152,2.0,0.948293,2.0,96.25,0.000753,181250.0,0.293125,2.8875e-07,7409.375,9.3875e-05,1.125e-05,anticoagulant_bias
10,pep_00003,QNWCKRGRKQCKTHPHG,17,5.0,0.29411764705882354,0.058823529411764705,,,review,43.190834,0.881263,0.084946,0.94088,0.18301,1.0,0.0,0.881263,0.796318,0.947705,HS-dp5-AT-motif,0.947705,0.909046,2.0,0.947016,2.0,94.588235,0.00073,177941.176471,0.295294,2.5e-07,7688.235294,9.8706e-05,1.0588e-05,anticoagulant_bias
11,pep_00005,GNWCKRGRKQCKTHPHQ,17,5.0,0.29411764705882354,0.058823529411764705,,,review,43.190834,0.881263,0.084946,0.94088,0.18301,1.0,0.0,0.881263,0.796318,0.947705,HS-dp5-AT-motif,0.947705,0.909046,2.0,0.947016,2.0,94.588235,0.00073,177941.176471,0.295294,2.5e-07,7688.235294,9.8706e-05,1.0588e-05,anticoagulant_bias
12,pep_00007,GNWCKRGRKQCKTHPHG,17,5.0,0.29411764705882354,0.058823529411764705,,,review,43.190834,0.881263,0.084946,0.94088,0.18301,1.0,0.0,0.881263,0.796318,0.947705,HS-dp5-AT-motif,0.947705,0.909046,2.0,0.947016,2.0,94.588235,0.00073,177941.176471,0.295294,2.5e-07,7688.235294,9.8706e-05,1.0588e-05,anticoagulant_bias
13,pep_00013,QNWCKRGRKQCKTHPHQ,17,5.0,0.29411764705882354,0.058823529411764705,,,review,43.190834,0.881263,0.084946,0.94088,0.18301,1.0,0.0,0.881263,0.796318,0.947705,HS-dp5-AT-motif,0.947705,0.909046,2.0,0.947016,2.0,94.588235,0.00073,177941.176471,0.295294,2.5e-07,7688.235294,9.8706e-05,1.0588e-05,anticoagulant_bias
14,pep_00014,HIQKTGGTT,9,1.0,0.1111111111111111,0.1111111111111111,,,review,32.840752,0.637187,0.159076,0.805505,0.124762,1.0,0.0,0.637187,0.478111,0.809398,HS-dp5-AT-motif,0.809398,0.700776,2.0,0.807257,2.0,119.111111,0.000583,85000.0,0.602222,3.05556e-07,5033.333333,8.4444e-05,1.1111e-05,anticoagulant_bias
15,pep_00015,HIQKTGGTTS,10,1.0,0.1,0.1,,,review,32.504678,0.629885,0.159689,0.801157,0.124176,1.0,0.0,0.629885,0.470196,0.804452,HS-dp5-AT-motif,0.804452,0.694088,2.0,0.802277,2.0,116.4,0.00058,83000.0,0.607,3e-07,5375.0,8.5e-05,1.1e-05,anticoagulant_bias
16,pep_00017,HIQKTGGTTQ,10,1.0,0.1,0.1,,,review,32.504678,0.629885,0.159689,0.801157,0.124176,1.0,0.0,0.629885,0.470196,0.804452,HS-dp5-AT-motif,0.804452,0.694088,2.0,0.802277,2.0,116.4,0.00058,83000.0,0.607,3e-07,5375.0,8.5e-05,1.1e-05,anticoagulant_bias
17,pep_00020,HIQKTGGTTA,10,1.0,0.1,0.2,,,review,32.283932,0.625347,0.160031,0.798442,0.122733,1.0,0.0,0.625347,0.465316,0.801351,HS-dp5-AT-motif,0.801351,0.689911,2.0,0.79915,2.0,114.6,0.000592,83000.0,0.619,3.2e-07,5495.0,8.1e-05,1.2e-05,anticoagulant_bias
18,pep_00016,GHIQKTGGTTG,11,1.0,0.09090909090909091,0.09090909090909091,,,review,32.229338,0.623776,0.160142,0.797506,0.123702,0.99928,0.0,0.623776,0.463634,0.800272,HS-dp5-AT-motif,0.800272,0.688471,2.0,0.798068,2.0,113.636364,0.000577,81363.636364,0.610909,2.95455e-07,5718.181818,8.7455e-05,1.0909e-05,anticoagulant_bias
19,pep_00018,QHIQKTGGTTQ,11,1.0,0.09090909090909091,0.09090909090909091,,,review,32.229338,0.623776,0.160142,0.797506,0.123702,0.99928,0.0,0.623776,0.463634,0.800272,HS-dp5-AT-motif,0.800272,0.688471,2.0,0.798068,2.0,113.636364,0.000577,81363.636364,0.610909,2.95455e-07,5718.181818,8.7455e-05,1.0909e-05,anticoagulant_bias
20,pep_00019,QHIQKTGGTTG,11,1.0,0.09090909090909091,0.09090909090909091,,,review,32.229338,0.623776,0.160142,0.797506,0.123702,0.99928,0.0,0.623776,0.463634,0.800272,HS-dp5-AT-motif,0.800272,0.688471,2.0,0.798068,2.0,113.636364,0.000577,81363.636364,0.610909,2.95455e-07,5718.181818,8.7455e-05,1.0909e-05,anticoagulant_bias
